,input,output
0,"Once upon a time, in a faraway land, there was a small village nestled at the foot of a majestic mountain. The villagers lived simple lives, relying on the bounties of nature to sustain themselves. They were a close-knit community, always helping and supporting one another.",Failed to parse response
1,"In this village, there lived a young boy named Ethan. Ethan was curious and had a deep passion for learning. He spent most of his days exploring the forests, observing the animals, and reading books borrowed from the village library.",0.75
2,"One day, while wandering through the woods, Ethan stumbled upon an ancient-looking book hidden beneath a moss-covered rock. Intrigued, he carefully picked it up and dusted off the dirt. The book was filled with cryptic symbols and mysterious drawings.",0.7
3,"Driven by his insatiable curiosity, Ethan decided to decipher the secrets hidden within the book. He spent countless hours studying and researching, using every resource available to him. With each passing day, he grew more determined to unravel the enigma.",0.7
4,"Months turned into years, and Ethan's dedication paid off. He discovered that the book contained ancient knowledge about magic and the power of words. It revealed spells and incantations that could shape reality itself.",0.7
5,"Excited by his newfound knowledge, Ethan began experimenting with the spells. He used his powers to heal the sick, bring joy to the sorrowful, and create beautiful works of art. The villagers were amazed by his abilities and regarded him as a wise and benevolent sorcerer.",0.7
6,"But as Ethan delved deeper into the book's secrets, he realized that his powers came with great responsibility. He understood that magic could be used for both good and evil, and he vowed to only use his abilities for the betterment of his community.",0.7
7,"Word of Ethan's extraordinary powers spread far and wide, reaching the ears of a wicked sorcerer named Malachi. Consumed by jealousy and greed, Malachi sought to steal Ethan's book and harness its power for his own nefarious purposes.",0.3
8,"One fateful night, Malachi launched an attack on the village, hoping to overpower Ethan and claim the book as his own. But Ethan, with his newfound wisdom and strength, stood his ground. He used his magic to protect the village and its inhabitants, driving Malachi away.",0.7
9,"From that day forward, Ethan became the guardian of the village, using his powers to defend and uplift his community. He taught others the ways of magic, ensuring that his knowledge would be passed down through generations.",0.7
10,"And so, the village thrived under Ethan's guidance, becoming a beacon of hope and prosperity. The villagers lived in harmony, knowing that they were protected by a sorcerer who used his powers for the greater good.",0.7
11,"And as for Ethan, he continued his quest for knowledge, exploring new realms and uncovering ancient secrets. His story became a legend, inspiring future generations to embrace curiosity, kindness, and the power of words.",0.7
12,The end.,1
